timestamp,S,L_eff,H_c,H_p,avg_age,best_bid,best_ask,spread,bid_levels,ask_levels,fifo_share,k
1778434114021,1000,1000,0,0,0,999,1003,4,1,1,0.5344268943497628,3.5
1778434114135,1000,1000,0,0,0,999,1003,4,1,1,0.5344268943497628,3.5
1778434114248,1000,1000,0,0,0,999,1003,4,1,1,0.5344268943497628,3.5
1778434114359,1065.9063201582871,1500,0,0.40725312499999994,0,999,1002,3,2,2,0.53842275467504,3.5
1778434114470,1205.945320504298,1500,0,0.24383748955776471,0,999,1002,3,2,2,0.5480053255046655,3.5
1778434114577,1724.8980205593473,1810.6601717798212,0,0.0497201284935461,0,999,1002,3,2,2,0.6009032796093703,3.5
1778434114687,1758.3163639168135,1810.6601717798212,0,0.029769277552764692,0,999,1002,3,2,2,0.6055339866273234,3.5
1778434114804,1778.9521882381712,1810.6601717798212,0,0.017823966125280106,0,999,1002,3,2,2,0.6084849321390727,3.5
1778434114913,2116.472359749794,2121.3203435596424,0,0.0022905963253030915,0,999,1002,3,2,2,0.6683489058266643,3.5
1778434115026,981.4005415626101,1914.2135623730949,0.95,0.0004916507639552897,0,999,1002,3,2,2,0.5333537046076225,3.5
1778434115137,859.8592843719584,2207.1067811865473,1.1990495020010687,0.3677737227997418,0,999,1001,2,3,3,0.5268859703374917,3.5
1778434115244,1138.790447057685,2207.1067811865473,0.717915228823422,0.22019971312142128,0,999,1001,2,3,3,0.5432145802147733,3.5
1778434115356,611.5790585432424,2000,2.237217366738356,0.03300579094124612,0,999,1001,2,3,3,0.5162093448278816,3.5
1778434115468,980.5691577158008,2310.660171779821,1.339504678571868,0.016943261482067096,0,999,1001,2,3,3,0.5333062753078199,3.5
1778434115585,747.7952415876459,2060.660171779821,1.7520109313436087,0.00363668070167286,0,999,1001,2,2,3,0.5216829081876224,3.5
1778434115697,417.29975292670196,1914.2135623730949,1.595280918655989,1.9918618940293642,544,999,1003,4,2,2,0.509764490399554,3.5
1778434115809,608.1202692557059,1914.2135623730949,0.9551536144614757,1.1926012938167014,544,999,1003,4,2,2,0.5160813701956661,3.5
1778434115920,431.39897803785124,1500,2.2888920016251384,0.1881676956938225,544,999,1003,4,2,2,0.5101846467341685,3.5
1778434116046,225.0725722632873,1500,1.3019219817352297,4.3625950889868195,543.5,999,1008,9,2,2,0.5046751102255836,3.5
1778434116171,256.2573359958361,1750,1.6368837824713156,4.192189005628049,543.5,1007,1008,1,2,3,0.5054251918702097,3.5
1778434116296,389.74796270937037,1750,0.9800627858058154,2.51001841393852,543.5,1007,1008,1,2,3,0.5089631307129016,3.5
1778434116422,566.4089333520706,1750,0.5867997926348126,1.5028407425935193,543.5,1007,1008,1,2,3,0.5145780443926818,3.5
1778434116548,844.8360421664457,1810.660171779821,0.9500756510262618,0.1931333048045942,543.5,1007,1008,1,1,3,0.5261483432584948,3.5
1778434116662,1074.9065785614218,1810.660171779821,0.568845387340374,0.11563604378369557,543.5,1007,1008,1,1,3,0.5389926694893898,3.5
1778434116770,522.9036974332956,1560.6601717798212,1.0218966049039928,0.9627068305668519,490.25,1007,1011,4,2,2,0.5130860895740323,3.5
1778434116881,713.1983686036893,1560.6601717798212,0.6118472454383074,0.5764081411174773,490.25,1007,1011,4,2,2,0.5202092561911617,3.5
1778434116998,911.8922489453945,1560.6601717798212,0.3663355470151652,0.3451168461647618,490.25,1007,1011,4,2,2,0.5295430268524205,3.5
1778434117112,179.08283613706104,1457.1067811865473,0.8071086321847519,6.329387375011329,572.1666666666666,1001,1011,10,2,1,0.5036175530161855,3.5
1778434117228,276.339635581126,1457.1067811865473,0.48324575206717274,3.789638024168319,572.1666666666666,1001,1011,10,2,1,0.5059228755742867,3.5
1778434117340,453.69478400076184,1853.5533905932737,0.28933708249264745,2.796126220056939,572.1666666666666,1003,1007,4,3,2,0.5108633289285085,3.5
1778434117459,650.967849296987,1853.5533905932737,0.17323679917981,1.6741440547210693,572.1666666666666,1003,1007,4,3,2,0.5177037394297614,3.5
1778434117575,922.5323545890809,2103.553390593274,0.10372327090437311,1.1764714346030007,572.1666666666666,1005,1007,2,4,2,0.5301065110820268,3.5
1778434117687,1359.429653861464,2353.553390593274,0.06210295374907752,0.6691770605628057,572.1666666666666,1005,1007,2,4,3,0.5604721254315743,3.5
1778434117798,672.4529869429489,2000,1.844558332445385,0.1296272817671972,572.1666666666666,1005,1007,2,3,3,0.5185482899738186,3.5
1778434117909,1151.5704650693872,2500,1.1044052102149977,0.0665431388722324,572.1666666666666,1005,1007,2,4,4,0.544097608718888,3.5
1778434118030,1469.6459065181114,2500,0.661248195243046,0.03984183529567481,572.1666666666666,1005,1007,2,4,4,0.5709063736560959,3.5
1778434118140,783.1068581584998,2310.660171779821,1.9455118611217228,0.005120160175358812,572.1666666666666,1005,1007,2,3,3,0.5232496139061883,3.5
1778434118245,1065.8442311625372,2310.660171779821,1.164849816979982,0.0030656290318045757,572.1666666666666,1005,1007,2,3,3,0.5384188438195642,3.5
1778434118353,1359.7924815973922,2310.660171779821,0.6974386140909798,0.0018355053433429852,572.1666666666666,1005,1007,2,3,3,0.5605043203072795,3.5
1778434118460,689.483490668293,2310.660171779821,1.679739631634931,0.6715518830323404,572.1666666666666,1005,1007,2,3,3,0.5192329394280196,3.5
1778434118567,959.6541623802758,2310.660171779821,1.0057221657625,0.4020829189865531,572.1666666666666,1005,1007,2,3,3,0.5321281147860006,3.5
1778434118677,569.0011601105563,2000,2.4546630112528325,0.06026831087558373,572.1666666666666,1005,1007,2,3,3,0.5146693545185194,3.5
1778434118786,882.6605554025828,2500,1.4696974182191829,0.36264847590514004,572.1666666666666,1005,1006,1,4,4,0.5280304863924112,3.5
1778434118903,1192.126336136556,2500,0.8799621337911009,0.21713103848290644,572.1666666666666,1005,1006,1,4,4,0.546988591530051,3.5
1778434119014,817.9081763613688,2310.660171779821,1.7890232051591966,0.03606185763998445,572.1666666666666,1005,1006,1,3,3,0.5248581356790099,3.5
1778434119134,1104.128424394235,2310.660171779821,1.0711542780834513,0.02159156626661443,572.1666666666666,1005,1006,1,3,3,0.5408848596426419,3.5
1778434119243,441.9829622642454,1810.6601717798212,2.3583458839117806,0.7383282559780144,572.1666666666666,1003,1006,3,2,2,0.5105046216429044,3.5
1778434119353,734.1476096192607,2049.0381056766582,1.4120287961987683,0.3790149650678774,572.1666666666666,1003,1006,3,2,2,0.521094474202654,3.5
1778434119463,349.3143875716646,1118.5254037844388,1.7531621095748777,0.4488972489305447,631,1003,1005,2,3,3,0.5078327673464458,3.5
1778434119575,552.5399049998351,2050.090511919465,1.4687719819323186,1.2415310991095412,614.8,1002,1004,2,5,3,0.5140941770726924,3.5
1778434119688,628.9055779636152,2049.065567893083,0.7162833456143184,1.5418616600762338,637.3571428571429,1002,1004,2,6,3,0.5168582540285345,3.5
1778434119800,371.8836047967723,1726.0151653384428,1.7566362345449136,1.8846416897176492,661.1304347826087,1002,1004,2,7,4,0.5084571329620394,3.5
1778434119915,562.7339049579698,1635.168153873727,0.8566675389952728,1.0490897638206231,675.7037037037037,1002,1003,1,9,5,0.5144490653701557,3.5
1778434120026,369.7966265047111,1366.642948053967,1.346886557979048,1.3487743813090405,651.5625,1002,1003,1,9,5,0.5083987055146104,3.5
1778434120141,168.96047022829094,769.1811561595318,1.0560919239749142,2.4963406960352734,603.225,1001,1003,2,9,6,0.5033923054729775,3.5
1778434120254,257.8336194483486,1025.3234474034539,0.44157350927465694,2.5351128887102083,591,1000,1002,2,10,7,0.5054638353420795,3.5
1778434120364,99.25921855794746,827.3609021907802,0.9891252894134892,6.346230501321126,567.7647058823529,1000,1002,2,10,6,0.5019114477127493,3.5
1778434120476,173.7604204587482,1046.1388765898794,0.48237165485736555,4.538210442192977,544.1454545454545,1000,1001,1,10,7,0.5034987845887532,3.5
1778434120583,195.99762676031787,838.590543053777,1.150121670219462,2.128453315177045,522.2413793103449,1000,1002,2,10,6,0.5039999361527575,3.5
1778434120701,191.52835945236927,1086.7454649561423,0.5061992192578962,4.167871545319412,495.4375,1000,1002,2,10,7,0.5038981673160455,3.5
1778434120813,243.4279821063972,1062.9991166728469,0.23451765899589727,3.1322733215423733,492.15942028985506,1000,1002,2,10,7,0.5051133021235603,3.5
1778434120924,212.5308660373091,1033.0826765904735,1.4429551002714063,2.4179043873529427,494.9178082191781,1000,1002,2,10,7,0.5043810576217056,3.5
1778434121031,171.4006072913893,936.4268640277293,0.6685084434700296,3.7948728060243697,488.0833333333333,1000,1001,1,10,9,0.5034463614437308,3.5
1778434121142,154.65099457651155,827.3613155504174,2.0194544545608437,2.3304064875948907,481.4597701149425,1000,1002,2,10,8,0.50307838853808,3.5
1778434121254,197.6191659788889,773.1682020004389,0.9848374089527225,1.927577655500258,482.9010989010989,1000,1001,1,10,9,0.5040369913001278,3.5
1778434121367,177.29674990416544,769.5553637927043,0.4334532079659981,2.9070401412277893,477.9306930693069,1000,1001,1,10,9,0.5035776146855117,3.5
1778434121483,157.57799221986016,773.737995573171,1.659711141570512,2.250479581596056,475.76146788990826,1000,1001,1,10,9,0.503142174476083,3.5
1778434121595,291.71619694677725,763.7585679366769,0.7689296164880506,0.8492265775474227,488.35087719298247,1000,1001,1,10,9,0.506311901180303,3.5
1778434121703,172.4785431073494,688.1182823809597,2.1458014305325652,0.8437863175079542,500.7416666666667,1000,1002,2,13,8,0.5034702898347397,3.5
1778434121814,286.79360209050276,945.4420074600107,0.7692396051300355,1.5273541841611913,661.0710059171597,998,1002,4,15,8,0.506186599694538,3.5
1778434121926,499.84614091362914,942.758725887011,0.338562864800882,0.5475349735535705,672.0285714285715,998,1002,4,17,8,0.5123255339384832,3.5
1778434122040,206.3810995029734,526.2589601420968,1.3634683665601324,0.18646940104302395,682.8054054054054,998,1002,4,18,8,0.5042384348660893,3.5
1778434122150,330.6076723220746,542.3482491202328,0.5700938504868661,0.0703649002461861,695.2694300518135,998,1002,4,19,8,0.5073275720369985,3.5
1778434122257,247.23118845114914,526.5815756135444,1.1082885072336417,0.0216271353374515,705.8643216080402,998,1002,4,20,8,0.5052052741665392,3.5
1778434122399,21.521671302406823,544.4652871180151,0.5134603458881902,23.785006463105688,786.9209486166008,967,968,1,7,10,0.5003958607334128,3.5
1778434122507,42.086001204845,533.5927300368759,0.22598759152055237,11.452639856112748,777.1235521235521,967,972,5,8,9,0.5007835127102682,3.5
1778434122614,58.04513503606884,526.3772225066101,0.11020849397515418,7.958203909226648,768.2301886792453,966,967,1,7,13,0.5010908288803807,3.5
1778434122725,119.4774432241983,466.7565528683389,0.05374592499768728,2.8529040691143774,767.5724907063197,966,967,1,7,13,0.5023286726408197,3.5
1778434122831,179.56868386432416,833.6196075758705,1.13622818846371,2.506115841889179,766.3623693379791,965,966,1,9,14,0.5036284313694107,3.5
1778434122943,284.3064062028981,689.3895298324011,0.5264045551755401,0.8984072492423018,761.5753424657535,965,966,1,11,14,0.5061235628466086,3.5
1778434123052,266.0971320566253,617.3067018084589,0.24387861392897356,1.0759761587902472,761.4478114478114,964,966,2,10,14,0.5056675868985623,3.5
1778434123164,342.11485233062183,1079.3538271963193,0.5474641505557344,1.6074816807735213,759.7689768976898,963,966,3,9,14,0.5076370298159868,3.5
1778434123276,322.35949865613094,1115.0116530623523,0.25363533977933045,2.2052720530869285,757.5876623376623,963,966,3,10,15,0.5071082996635902,3.5
1778434123383,247.83215092850514,1334.7663764114434,0.8587834996548449,3.526984131424215,754.9775641025641,963,965,2,10,16,0.5052198444734255,3.5
1778434123498,330.23758829908974,974.6706563318247,0.35907484475638185,1.5923476791056943,752.7241379310345,963,964,1,10,17,0.5073176883130265,3.5
1778434123612,251.0224220840937,1049.378204683812,0.1751118174174805,3.0053044018645783,749.9938080495356,963,965,2,10,16,0.5052973637385392,3.5
1778434123718,190.41811679869394,886.1250974387807,1.2889417671610186,2.3646338081902156,747.217791411043,963,965,2,10,16,0.503872968367383,3.5
1778434123828,239.29475071841486,847.8694034229042,0.6285846493813836,1.9146163647545968,744.2878787878788,963,965,2,10,16,0.5050138108195343,3.5
1778434123937,207.67707811288037,687.3063343605335,1.7504484340375819,0.5590469643277421,744.7448071216617,963,965,2,11,16,0.5042684056075103,3.5
1778434124044,154.27680093771178,857.8926890896287,0.6605380226363687,3.900198808016459,736.0439560439561,962,965,3,10,16,0.5030702496992627,3.5
1778434124155,110.5760675591889,833.0648281021563,0.2907203994207694,6.243141551821395,728.5432432432433,962,965,3,10,16,0.502143769947747,3.5
1778434124265,172.56158683052126,788.919835980314,0.7649376212047921,2.8068784502082487,726.1813333333333,962,963,1,10,17,0.5034721345166926,3.5
1778434124376,168.90017540052978,905.6703283882558,0.3366694469472711,4.02549389148947,722.6561679790026,962,965,3,10,16,0.5033909717184513,3.5
1778434124489,194.66536883152446,1254.8985150979631,0.8543132983271546,4.5921261615031685,721.7538860103627,962,964,2,10,17,0.5039695440275327,3.5
1778434124606,208.89241832623367,942.4799876274437,0.37600606597763236,3.135789982816939,711.7857142857143,962,964,2,10,17,0.5042965527122966,3.5
1778434124722,235.333192045151,643.5347010816484,0.2031786707733566,1.5313896894695962,709.0685279187817,963,964,1,11,17,0.5049189010888371,3.5
1778434124833,317.14172754577413,875.3574142484417,1.2111641765440009,0.5489816453964388,704.5753768844221,963,964,1,11,18,0.5069706742306508,3.5
1778434124950,478.1936598611989,854.7504401935333,0.5906544645015732,0.19680219153530146,700.8880597014926,963,964,1,11,18,0.5116297137017878,3.5
1778434125057,439.3678638991354,1073.6066889365006,1.3860616695971166,0.05746407989412491,695.4914425427872,963,964,1,11,18,0.5104251941227103,3.5
1778434125174,568.8331055857063,926.9776904081759,0.6100427051856829,0.01957006050189334,691.7759036144578,963,964,1,11,18,0.5146634264920594,3.5
1778434125286,725.1437019213213,924.9292431759476,0.2684960635686857,0.0070155911906122055,691.2874109263659,963,964,1,11,18,0.5207113581207887,3.5
1778434125405,104.0508796687242,485.3195074658251,1.1564831940199998,2.50776865095218,713.0289532293987,964,966,2,12,16,0.5020094408543404,3.5
1778434125513,142.78941924871634,398.96675045950207,0.6249173601010131,1.1691744749849307,714.6740576496674,965,966,1,13,16,0.5028221162271742,3.5
1778434125628,370.65655447365054,815.3801866800859,0.8016507437523555,0.39817596061542077,715.8963282937365,965,966,1,13,16,0.5084227629932027,3.5
1778434125742,622.7997351486247,943.0048922057704,0.37139775923150975,0.14274047652212635,709.8119658119658,965,966,1,13,16,0.5166280810302242,3.5
1778434125856,389.16873226249874,846.4395254338718,1.131121394476781,0.04387226576141802,705.478813559322,965,966,1,13,16,0.5089465583783227,3.5
1778434125969,390.0714417235036,981.5994299877415,0.9362360867919679,0.5802245534707813,711.6054279749478,965,967,2,13,15,0.5089723906301724,3.5
1778434126081,449.62037628839914,932.7202414761579,0.3914593464537481,0.6830023342550573,732.9168356997972,965,966,1,13,16,0.5107379824577692,3.5
1778434126192,200.33729878875948,488.94624801696904,1.195768435600134,0.2448467218026115,729.7964071856287,965,966,1,13,16,0.5040992630806622,3.5
1778434126307,122.21509843878458,344.52795346558025,0.5539890295153895,1.265040352833374,728.2173913043479,966,967,1,14,15,0.5023859274148683,3.5
1778434126422,105.28400214365877,413.51839156638806,2.0390090787287214,0.8886378870671565,727.6491228070175,965,967,2,13,15,0.5020347479076858,3.5
1778434126532,80.55086606931722,259.24369805232845,0.8099236015373483,1.4084613855246024,730.3187855787477,964,965,1,12,17,0.5015340495965421,3.5
1778434126647,61.27894231013111,257.51694841256574,0.39497947546490075,2.8073931292918735,726.4538606403013,963,965,2,11,17,0.501153800740704,3.5
1778434126759,198.40358037900782,662.7585562101641,0.1738410007221885,2.16661563289352,728.2979515828678,963,964,1,11,18,0.5040549417822081,3.5
1778434126878,379.8975144670063,659.1131950888081,0.06905213462195874,0.6659241944902218,731.4165137614679,963,964,1,11,18,0.5086828185582875,3.5
1778434126997,66.22494576525268,225.27062834434895,0.761148962387349,1.640448815327183,723.3543165467626,963,965,2,11,22,0.5012505749008089,3.5
1778434127109,111.65066883475178,221.8065267292112,0.3350019571632917,0.6516097581457786,722.0391459074733,963,965,2,11,25,0.5021659901860579,3.5
1778434127217,26.52761746375372,111.48499098527377,1.954818295398101,1.2477826783833712,721.181338028169,963,966,3,11,26,0.5004893716426302,3.5
1778434127324,26.64682473249798,683.6961478173419,0.860367664173089,23.797329066331486,856.564263322884,986,988,2,13,15,0.5004916050946357,3.5
1778434127440,51.65589299721797,641.9033660414854,0.3597372161557924,11.066790112992429,844.9583333333334,986,988,2,16,16,0.5009671075475646,3.5
1778434127548,44.44079308673198,425.39635410431663,0.9492157768758545,7.622988600172513,839.0810397553516,985,986,1,17,17,0.5008284985659873,3.5
1778434127660,84.23686272483839,353.4277936625179,0.46290878416406345,2.7327340998426424,834.6656534954408,985,986,1,18,17,0.5016077559787134,3.5
1778434127772,90.40523815980337,331.2968819729414,1.1644615800671245,1.5001145962306444,830.1131221719457,984,986,2,18,17,0.501731812057768,3.5
1778434127881,168.84278962995782,951.2816912320997,0.5125105960079145,4.121616234737799,824.2974588938714,983,984,1,19,18,0.5033897024009969,3.5
1778434127991,317.7795095300464,752.776106139287,0.22556958126969412,1.1432933679259376,818.6725925925925,983,984,1,19,20,0.5069874516428153,3.5
1778434128105,244.21163691120347,683.8294246723708,0.873060125853404,0.9270907323180864,813.5080763582966,982,984,2,18,20,0.505132219697312,3.5
1778434128215,101.0135464204608,652.7010092096821,0.38425704472454975,5.0772625468445485,806.7901591895803,982,986,4,18,18,0.501947261511097,3.5
1778434128326,78.5140375004494,425.74686041248964,0.20763717037234342,4.214920043171193,805.6190476190476,985,986,1,21,18,0.501493456274747,3.5
1778434128439,73.71510067898859,762.444349368536,0.10125945272494022,9.241863494210945,794.9787234042553,984,986,2,19,18,0.5013981955570863,3.5
1778434128554,69.00877208240935,549.7442514305864,0.04691261641824092,6.919382607239545,792.3014084507042,982,984,2,20,20,0.5013052897218365,3.5
1778434128667,110.73937582893892,528.8509508369461,1.4191598154959606,2.3564761936311958,794.3743016759777,982,984,2,21,20,0.5021471449855749,3.5
1778434128777,61.28064507569041,372.7119942503685,0.5933795777847564,4.488671187020601,788.3065395095368,980,982,2,19,21,0.5011538339612426,3.5
1778434128891,17.96653937988745,161.71859776724105,2.0822825545435744,5.918816340899589,787.404600811908,980,981,1,19,20,0.5003297818539072,3.5
1778434129045,72.04178887606032,971.3124489775663,0.8706446797268038,11.611980670520932,782.6434316353888,983,986,3,21,18,0.5013651048899262,3.5
1778434129153,105.7680745892653,885.4858010258154,0.424591626002816,6.947365644321607,780.564,983,986,3,22,18,0.5020446923567923,3.5
1778434129269,306.77959343918656,1062.4216340201988,0.17753039299555293,2.2856127128082053,777.2351387054161,983,984,1,24,20,0.5066998310732508,3.5
1778434129377,556.7451641242561,1056.4216340201988,0.0781358604535714,0.8193599816197391,774.5203145478375,983,984,1,26,20,0.5142400653885173,3.5
1778434129489,785.9033882151358,1042.4216340201988,0.032670192165486125,0.2937290187955982,772.2506493506494,983,984,1,26,20,0.5233764705041085,3.5
1778434129605,263.81665902754264,879.3771524828155,0.4317804069190851,1.9015085359562318,767.4578005115089,981,984,3,24,20,0.5056111614056755,3.5
1778434129714,369.08724132583217,1120.7000281383478,0.9692934474523235,1.0671161128255617,763.6199494949495,981,985,4,24,19,0.5083788778040352,3.5
1778434129825,34.454759739078064,583.7115379731483,0.8454079698262829,15.095982490984609,819.3906810035842,962,985,23,14,19,0.5006385720940812,3.5
1778434129941,20.20720746993442,332.61634239750157,0.391670098327678,15.068612347546622,842.290973871734,962,963,1,14,20,0.5003713969868638,3.5
1778434130049,38.672451366642804,332.82625090993037,0.15557697116769187,7.450710945636361,1024.8977272727273,960,963,3,13,20,0.500718519421765,3.5
1778434130164,45.17382012320975,395.4515200968436,0.07207744635680839,7.681920312040991,1407.157200811359,955,956,1,9,22,0.500842527529613,3.5
1778434130276,103.41594274583541,391.48968600754665,0.031723206349948394,2.7538602889309285,1401.476814516129,955,956,1,10,22,0.501996424400836,3.5
1778434130385,21.51763557058563,620.7704506895865,0.01326411767326755,27.836116133852737,1397.1555118110236,954,985,31,10,19,0.5003957855661794,3.5
1778434130497,14.577537608755568,369.5656090228042,0.005268697461536577,24.346448371739196,1392.498046875,954,958,4,10,20,0.5002670454674228,3.5
1778434130611,20.281647902654285,334.5358928952095,1.4009532632423571,14.093559140329559,1388.8318756073859,954,957,3,10,21,0.5003727814105744,3.5
1778434130722,99.20318840340917,831.7858714865048,0.6490493607238721,6.7356193668985975,1390.4148936170213,953,955,2,9,23,0.5019103050903478,3.5
1778434130828,69.92653045235404,331.51677566629905,1.2031988767641637,2.5377309752064727,1388.478344562079,953,954,1,11,23,0.5013233668228303,3.5
1778434130940,115.34741665102477,438.6312103896959,0.5030819176879694,2.2996145199508793,1371.3823805060917,951,954,3,11,23,0.5022426433807926,3.5
1778434131056,176.52615181471674,431.4905238128322,0.23307344051678702,1.211269901118667,1366.732276119403,951,953,2,13,24,0.50356040917184,3.5
1778434131174,39.69890266618835,534.8907460616904,0.09745274507956592,12.376238217095517,1323.0300088261254,944,946,2,3,27,0.5007380356373913,3.5
1778434131286,47.817442403245536,462.6366930757614,0.045149002150356915,8.629912436191244,1317.5,944,946,2,5,28,0.5008932220003642,3.5
1778434131404,216.46771477447095,825.6260911588131,0.022018038680762304,2.7920661632936516,1313.592819614711,944,946,2,7,28,0.5044728980077504,3.5
1778434131518,313.86183861656383,666.5883520295203,0.00920618971406914,1.114621144528602,1307.633594429939,944,945,1,9,29,0.5068845907890551,3.5
1778434131627,259.0421650797008,725.3833391207293,0.004051889609829398,1.796200103719314,1299.2709232096636,944,945,1,10,29,0.5054935116831311,3.5
1778434131746,156.76500239948652,798.9269313507887,0.6652037759647813,3.431130987038453,1286.1401869158879,942,945,3,8,28,0.503124435724733,3.5
1778434131863,292.73877815818037,773.131773017571,0.2781352257954567,1.3628943565573532,1281.0641891891892,942,945,3,10,28,0.5063380207192459,3.5
1778434131969,512.7478933763911,766.2231109244118,0.1162939938458579,0.37805268377560053,1276.7019311502938,942,945,3,13,28,0.5127485769855396,3.5
1778434132082,114.7859326015295,570.267779541421,0.04388395753095333,3.924214193668998,1268.1393034825871,938,940,2,9,29,0.5022309795338387,3.5
1778434132200,225.33670323985223,546.687132499151,0.019314500035354034,1.4067755449461232,1264.0272277227723,938,940,2,9,29,0.5046813494137165,3.5
1778434132312,181.59161338549683,575.667826891426,0.0072883961695091645,2.1628350261570137,1253.9080553295362,936,940,4,8,29,0.5036737920328528,3.5
1778434132422,85.40012759730415,617.1509597980943,0.0030474266496053385,6.223533811123348,1248.6504854368932,943,945,2,13,28,0.5016310828758703,3.5
1778434132540,35.00019657508373,427.13140357612616,0.0010924595534561423,11.202593387176803,1238.3152,936,945,9,14,28,0.5006488888424632,3.5
1778434132655,84.45555357663551,423.6673019609884,0.0004808205838994471,4.015972023769907,1235.4601910828026,936,945,9,15,28,0.5016121389603189,3.5
1778434132773,79.48988997840308,243.57295165862052,0.9502116219618107,1.113988765342761,1233.1141045958796,936,945,9,15,28,0.5015128926563966,3.5
1778434132887,33.320297447148995,433.47300004265685,0.3585657787182068,11.650711846435357,1215.5800766283526,929,931,2,11,29,0.5006171351497413,3.5
1778434133004,74.5909567774669,397.9002781895268,0.15781436167977037,4.176616182985505,1213.2013729977116,929,931,2,11,29,0.5014155418693157,3.5
1778434133122,109.80794320538398,643.766314864266,0.5292766239676991,4.333380448664744,1206.4267371601209,927,928,1,9,30,0.5021279039989501,3.5
1778434133228,152.83285974498364,612.5791694407168,0.23294875730215645,2.7752152622867214,1202.2413533834585,926,928,2,8,32,0.5030388767752229,3.5
1778434133336,324.32190123885664,605.5791694407168,0.09740061249206838,0.7698157769269114,1197.0590875093492,926,928,2,8,37,0.5071602777419443,3.5
1778434133448,23.69561332253742,653.2309102046264,0.04072517674573681,26.52686302251493,1197.3203812316715,958,960,2,10,23,0.5004364028208527,3.5
1778434133555,25.167267770937357,271.821414860951,0.020905947072582576,9.779687003062623,1194.913679590344,959,960,1,13,24,0.5004639062916537,3.5
1778434133667,69.43095109399266,496.7823310072106,0.6399349516615205,5.515120872572946,1191.3243440233236,959,961,2,13,23,0.5013136029845183,3.5
1778434133788,125.54282428722986,735.2951785227071,0.29647625097748803,4.560450918674381,1187.7923021060276,958,961,3,12,23,0.5024557694967052,3.5
1778434133902,66.08647192655994,807.1952623187409,1.0804871046770865,10.13374129619374,1183.2624728850326,958,962,4,12,23,0.5012478578981898,3.5
1778434134017,117.05521407903856,984.0111155262249,0.5005801998975973,6.905804114275681,1178.61654676259,959,960,1,15,24,0.5022781668771811,3.5
1778434134131,157.09668610255463,888.3546370605019,0.23191441660417297,4.422912932717335,1175.263082437276,960,962,2,17,23,0.503131670751212,3.5
1778434134242,289.91636191504955,1331.2871144396586,0.68189895055049,2.910070628695777,1172.49535382416,959,960,1,17,25,0.5062660040612568,3.5
1778434134349,549.7277358775881,1158.4660851197775,0.30012191346292194,0.8072232494483078,1169.029181494662,959,960,1,19,25,0.513997016255453,3.5
1778434134459,477.4318507242156,1116.3126995981033,1.0632520852450233,0.2749092626096923,1164.4526166902403,959,960,1,20,25,0.5116055509923869,3.5
1778434134573,305.8767092441139,867.6025316668677,0.8846939869569037,0.9517512389999768,1160.9578651685392,958,960,2,21,25,0.5066763863978919,3.5
1778434134685,443.8825223301249,768.1683731442547,0.38937741725559033,0.3411894208163793,1159.9167832167832,958,960,2,21,25,0.5105624684859198,3.5
1778434134797,125.80300212667356,585.8420023028273,1.2192816876216739,2.4375388365255257,1155.580178940124,956,960,4,19,25,0.5024612415286227,3.5
1778434134909,144.27436646832905,540.4776897658239,0.4843161445572294,2.261863464448151,1152.5852156057495,956,960,4,19,25,0.5028540050231203,3.5
1778434135023,268.87799540242986,527.7217885986285,0.1923773072786117,0.770303899894132,1150.6609938733832,956,960,4,19,25,0.5057365969517919,3.5
1778434135139,200.72387306578284,736.5808503441011,0.0938175993093988,2.5758049477939196,1147.8485463150778,954,955,1,17,27,0.5041081354564202,3.5
1778434135250,341.3811741832038,672.228113388481,0.04575249578388019,0.9233898126543895,1146.3728927848954,954,955,1,17,28,0.5076171750773141,3.5
1778434135364,601.5703127669248,777.1879601174473,0.022312347425887124,0.26961969048131706,1144.37861466039,954,955,1,17,29,0.5158404332714951,3.5
1778434135475,598.5683635840244,656.660185485905,0.009820259142356492,0.08723101425613469,1141.932350971199,954,955,1,17,30,0.5157306218323341,3.5
1778434135585,229.5050135874984,869.5861990668999,1.3326927558629,1.456271090608243,1133.1588352084711,954,956,2,17,31,0.5047800664537233,3.5
1778434135698,409.5530757551679,863.5861990668999,0.5865536229742787,0.5220526851935893,1130.0711931443639,954,956,2,17,35,0.5095365646960556,3.5
1778434135810,324.2263336632349,758.1867468771593,1.160657892065293,0.177791111477606,1127.4070912672357,954,956,2,17,36,0.5071577436899125,3.5
1778434135921,25.212722372971765,192.415424717119,0.8153320394171814,5.81634778756532,1135.850803858521,954,965,11,17,28,0.5004647565361006,3.5
1778434136038,12.006699208308529,192.62253149830556,0.3409069056360471,14.70201447986951,1135.5332906530089,954,980,26,17,24,0.5002196199032255,3.5
1778434136149,40.69035480088253,838.3343709375747,0.8483795167917249,18.75439907877344,1131.1012738853503,983,984,1,19,20,0.5007569086061883,3.5
1778434136267,68.07535504701367,578.0124219224535,0.41373346313344733,7.077040055760006,1129.264294790343,983,984,1,20,20,0.5012869240347754,3.5
1778434136386,171.32600831669828,669.8621514689257,0.9467713117967478,1.963097120033387,1125.0183428209994,983,984,1,22,20,0.5034447065830276,3.5
1778434136498,326.6138337465485,924.6827900283917,0.3958643382643562,1.435255150526015,1123.0680100755667,983,985,2,22,19,0.5072211349127219,3.5
1778434136614,515.5654448635423,870.6607423392974,0.1742304524383266,0.5145187665279292,1121.4422835633627,983,985,2,23,19,0.5128418135188182,3.5
1778434136726,205.44000090442418,712.5070811232257,0.8994740822541499,1.5687262584122317,1119.9674593241552,984,985,1,24,19,0.50421669944679,3.5
1778434136841,249.13332586313598,676.5018092070836,0.41671845406434016,1.2987023225953311,1117.7592014971929,983,984,1,24,20,0.5052514264239292,3.5
1778434136954,194.01922040362703,777.6863415735253,1.022901536720129,1.9853938267787494,1114.964705882353,983,985,2,26,19,0.5039548207733923,3.5
1778434137071,232.7549911177928,752.0169191126936,0.47390131127937024,1.7570365753849477,1112.3351817621688,982,983,1,26,21,0.5048573686096433,3.5
1778434137184,422.51048639924454,732.0373239970996,0.21955432147693954,0.5130353953741889,1110.2162162162163,982,983,1,26,21,0.5099189655072572,3.5
1778434137297,438.686244478486,855.0231751202826,0.7651380229730037,0.1839159669389471,1108.313533374158,982,983,1,26,21,0.5104045313029255,3.5
1778434137408,582.1154529187401,824.9253880341547,0.35448173590516424,0.06263472080107899,1106.3101343101343,982,983,1,26,21,0.5151355563376719,3.5
1778434137520,251.7446682816905,689.8320009766769,1.7199405755904182,0.0202644332592116,1104.1952554744526,982,983,1,26,21,0.5053149534318381,3.5
1778434137629,385.2747350953367,711.5335899488367,0.838771984281009,0.008049323045999786,1103.1110436893205,982,983,1,26,21,0.5088354376532886,3.5
1778434137739,494.11652393959093,687.289411601337,0.38859570442108576,0.002350313982789073,1102.208711433757,982,983,1,26,21,0.5121396944021318,3.5
1778434137855,268.6298599335464,1014.4961130287988,1.3790824839371099,1.397475018939766,1098.9435096153845,983,984,1,27,20,0.505730430107109,3.5
1778434137963,382.9538498672494,809.8873397995135,0.6389168204749915,0.47592636514714065,1096.7633313361293,983,984,1,27,20,0.5087694476135262,3.5
1778434138067,247.3272711715198,514.9518613277102,0.9114537414658451,0.1706129020083172,1092.1463414634147,983,984,1,27,20,0.5052076030015374,3.5
1778434138176,197.70935256621277,534.8414076899811,0.4222685251174208,1.2829216985512495,1091.4744958481613,983,985,2,27,19,0.5040390542877521,3.5
1778434138290,324.28449594916555,533.6947788411097,0.18585163923642473,0.45990936848307806,1091.321513002364,983,985,2,27,19,0.5071592858766001,3.5
1778434138396,102.56701304261001,421.5864505328556,1.2776034511653378,1.8327478014124625,1230.312606959498,983,987,4,27,18,0.5019790360695765,3.5
1778434138503,104.48465410744997,270.4502298080134,0.5341919832784288,1.0542286045897922,1227.9017045454545,985,987,2,28,20,0.5020183389441609,3.5
1778434138615,97.1763098814992,577.7604690626582,0.8867769624088359,4.058709851889867,1230.1606334841629,987,988,1,29,19,0.5018690211582678,3.5
1778434138731,157.57578024956447,443.52851154581225,0.43245893662286167,1.382240827791207,1233.4746049661399,987,988,1,30,19,0.5031421261899292,3.5
1778434138844,242.89982683475682,411.9261190480472,0.20035443274158427,0.4955138781414774,1230.496904895892,987,988,1,31,19,0.5051005621093089,3.5
1778434138961,84.49349707470584,378.9932175633929,0.5889465502584597,2.8965254764029758,1225.7562884292902,985,987,2,29,20,0.5016128995342096,3.5
1778434139114,111.41331120354484,323.5006269535983,0.2592110831792053,1.644397322844953,1222.3944289693593,985,987,2,29,20,0.5021610797886847,3.5
1778434139233,248.98735899106967,755.8350275628575,0.12009022159713609,1.9155459272644082,1219.6794444444445,985,986,1,29,21,0.5052478811468818,3.5
1778434139342,182.942399664476,732.4008903131144,0.05856499630936266,2.944885771016136,1215.7747648035418,984,986,2,28,21,0.5037041407209479,3.5
1778434139457,173.95500325458852,710.6094602864184,0.025776016725242715,3.059242792687324,1212.4942084942086,985,986,1,29,21,0.5035031136814139,3.5
1778434139566,115.38238034180866,392.9746905198507,0.42889781197295057,1.9769488117117302,1209.0653487095003,986,987,1,30,20,0.5022433699429183,3.5
1778434139680,120.52563138248523,334.39565212179525,1.1012045949217746,0.6732729024049028,1207.1100766703175,986,987,1,30,20,0.5023505726369575,3.5
1778434139799,300.68943505637225,518.9984946601927,0.4846695098669374,0.24135885745129781,1205.4792576419213,986,987,1,30,20,0.5065421688968875,3.5
1778434139905,355.71130460707724,474.9902008629493,0.2488012558971501,0.0865237526449003,1204.7160762942779,986,987,1,30,20,0.508008068428312,3.5
1778434140018,115.27896510197812,341.12151781230216,1.9350951550248001,0.024000786811068032,1203.81556039173,986,987,1,30,20,0.5022412210108507,3.5
1778434140129,276.1204750759502,552.7848308431078,0.9933657782245069,0.008603944198496494,1203.1173275393808,986,987,1,30,20,0.5059173811216164,3.5
1778434140244,231.39023255708597,547.38780074999,1.3627176533922323,0.002930173228732157,1198.8104751619871,986,987,1,30,20,0.5048248715206787,3.5
1778434140358,84.5401056493706,417.842670838056,1.0946263681602522,2.8479114679178696,1190.4197860962568,986,987,1,30,20,0.5016138338448362,3.5
1778434140470,116.56820552236529,411.5637191979152,0.45768554399491496,2.072983194994558,1187.2082002129926,985,987,2,29,20,0.5022680295106836,3.5
1778434140586,62.309128725134464,240.96656642102354,1.0805767881091999,1.7866987034805522,1185.3855549654807,985,987,2,29,20,0.5011739114880789,3.5
1778434140700,213.35468591000154,847.8414324257043,0.45181112887428043,2.5220478412696683,1183.9531825355077,983,984,1,27,22,0.504400241138261,3.5
1778434140807,422.617506316059,888.7531094916326,0.1988541270112305,0.9041186467360292,1184.531725222863,983,984,1,27,22,0.5099221480246,3.5
1778434140913,396.0483863759119,559.0756892510103,0.0875210044691079,0.32411380704192805,1183.1262389149713,983,984,1,28,22,0.5091441171018343,3.5
1778434141020,126.34110111108359,341.93384104564507,0.04268180402664236,1.6637521120827692,1183.5059864653826,982,983,1,27,24,0.5024725640390942,3.5
1778434141132,106.44205091349582,457.4578654019853,0.8734811325121594,2.4242363717640014,1200.9794661190965,981,984,3,28,23,0.5020585474161734,3.5
1778434141239,78.7569813714846,477.5965215800085,0.384442340982748,4.679737789630169,1234.0160481444334,980,982,2,27,24,0.5014982930009126,3.5
1778434141348,85.55957035651828,453.7059824200211,1.0547254322209336,3.2480826642839116,1232.744616925388,980,982,2,27,25,0.5016342826418918,3.5
1778434141464,252.42430695707301,804.4380929774422,0.9043394594774582,1.2825093138233004,1230.9780439121757,980,981,1,27,26,0.5053315189962516,3.5
1778434141581,418.06385537827884,775.9091708556548,0.44102372701401865,0.41493478476305157,1230.4048804780878,980,981,1,27,26,0.509787083929188,3.5
1778434141691,122.67066490121834,772.7085474483381,0.8827382846724621,4.416310865102413,1242.4584346135148,977,981,4,25,26,0.5023954728006441,3.5
1778434141809,113.67831566756408,540.3339295619612,0.38851666052426437,3.3646671493246636,1239.8191953465825,977,979,2,26,27,0.5022079931237255,3.5
1778434141921,66.17144256318743,275.9441549100571,1.0373713615918454,2.1327682669428767,1237.8109284332688,977,979,2,26,28,0.501249525059576,3.5
1778434142035,274.3376066668289,911.2010777569463,0.4565748015321648,1.8648840710880974,1239.3730120481928,976,977,1,25,30,0.5058727359681904,3.5
1778434142150,391.9392157875103,695.3533444345171,0.2009507463886926,0.5731849267599279,1237.557904853436,976,977,1,25,30,0.5090259259680883,3.5
1778434142264,405.04676302217666,1013.3000870858858,1.316242117008106,0.18544455128013534,1234.7083333333333,976,977,1,25,30,0.5094049228261406,3.5
1778434142381,545.2400391133665,913.9764397867457,0.6098034295767629,0.06647926102129749,1232.382226469183,976,977,1,26,30,0.5138426244691305,3.5
1778434142491,328.3629043699929,724.5409089770436,1.1850165810442548,0.0215082709854529,1229.919447092469,976,977,1,27,30,0.5072676871938551,3.5
1778434142605,228.58025233600688,468.5781798835344,0.4471702759211225,0.6027801248455059,1228.4874704491726,975,977,2,27,30,0.504758124110143,3.5
1778434142711,209.53502630182902,465.88853466247764,0.19681156386125442,1.0266283205587323,1228.3814238566713,974,977,3,28,30,0.5043114515584863,3.5
1778434142823,106.13703210960709,450.1217129615487,0.6510910093331379,2.5898577341432265,1229.4796633941094,973,977,4,27,30,0.5020522757371055,3.5
1778434142931,80.81358954107012,443.2309852798726,0.3016447546599048,4.18296479921493,1227.7348555452004,973,977,4,28,30,0.5015392926157969,3.5
1778434143043,75.09404888761036,932.9591066698613,0.132761900984743,11.291113499130867,1224.0734750462107,971,972,1,26,31,0.5014255136159544,3.5
1778434143155,135.20396367550444,663.4225135912202,0.061507424425568905,3.8453199758676937,1222.8944213923467,971,972,1,26,33,0.5026600799508959,3.5
1778434143270,123.32410926776922,565.4546291514611,0.025717504919287072,3.5593926775812785,1220.365305185865,969,971,2,24,36,0.5024091731398114,3.5
1778434143383,418.77572914341187,1059.690137584454,0.011318959766161204,1.519128876243833,1219.6315789473683,969,970,1,25,37,0.5098081512543167,3.5
1778434143499,645.5869723156636,1000.5502453324276,0.005243974794193574,0.5445863164577224,1217.8191780821917,969,970,1,25,37,0.5174955188180047,3.5
1778434143613,359.3090369568569,894.7843792910126,1.3312786587638752,0.15901322721073635,1216.4591883264934,969,970,1,25,37,0.5081072370025332,3.5
1778434143730,528.8224679890055,867.3138208857251,0.5859312411289347,0.05415380326020988,1214.0527512505685,969,970,1,25,37,0.5132846431885576,3.5
1778434143847,644.296835654915,821.7391074718882,0.2578839652170723,0.01752057194258451,1212.189311594203,969,970,1,25,37,0.5174457891368318,3.5
1778434143955,145.12774897164553,644.5407967227009,1.0392889484828949,2.4019071789966864,1206.2795505617978,971,972,1,27,35,0.502872356169136,3.5
1778434144065,277.2880890288438,608.8307675596491,0.4574187826623729,0.7382426671026688,1205.2649036306589,971,972,1,27,35,0.5059466699319795,3.5
1778434144176,85.24096068772657,236.6717019152441,1.5250849246057179,0.25141712330376026,1201.5227070347285,971,972,1,27,35,0.5016278892393288,3.5
1778434144292,134.96996941629814,232.01484766575172,0.6376690199138562,0.0813418731695577,1199.792276964048,971,972,1,27,35,0.5026551042598665,3.5
1778434144405,162.64724069884653,320.415887309755,0.28065514143712167,0.6893499194112754,1198.6666666666667,971,973,2,27,34,0.5032531615320973,3.5
1778434144514,53.10536196683445,175.68006427180813,0.580638851978428,1.72750288296586,1195.3532776066872,971,975,4,27,32,0.5009950942534388,3.5
1778434144620,37.6009637001274,171.10136464059124,0.23063806585897356,3.31981351312573,1193.45911674683,969,976,7,25,31,0.5006981718331264,3.5
1778434144729,2.3046548578295454,14.879717801167141,0.6652345576877163,4.791141220497313,1192.2403302911778,974,976,2,26,31,0.5000419172361653,3.5
1778434144850,17.2388179487159,91.92350165016961,0.27814809625976894,4.054207168679779,1192.7339370418283,976,978,2,28,29,0.5003162895285803,3.5
1778434144967,44.66007092482345,179.98392856984438,0.1356458670345071,2.8944401772266484,1193.5458458889368,978,979,1,30,28,0.5008326939350594,3.5
1778434145090,100.26130214270715,495.06887509734713,0.05970136357427793,3.8780848462306747,1194.2254186346072,978,979,1,30,28,0.5019318958121426,3.5
1778434145200,121.63479681358798,529.2858235728406,0.02911486123425463,3.322319411180409,1193.5173596228033,977,979,2,30,28,0.5023737758249505,3.5
1778434145317,212.9969494315616,987.3344429588177,0.012814226883290918,3.6226251331346786,1195.443736730361,980,981,1,32,26,0.5043919086013162,3.5
1778434145425,452.49203236559265,1013.4300363106963,0.005936718936306027,1.2337271067725446,1194.909745762712,980,981,1,33,26,0.5108262650632074,3.5
1778434145529,659.1436532285061,924.0551578651252,0.00275042981911392,0.39915210438427917,1194.5484143763213,980,981,1,33,26,0.5180226261872024,3.5
1778434145637,363.25878837969987,592.8076109694188,0.48882498975349425,0.143090410321509,1191.7594617325483,980,981,1,33,26,0.5082165890994768,3.5
1778434145749,162.22248460535963,401.9172724508139,0.22646833083572507,1.2510998893068914,1193.7226185480488,981,982,1,34,25,0.5032438366280838,3.5
1778434145858,303.45494185190165,664.3217519553278,0.7406923482352502,0.4485016978434056,1198.915374947633,981,982,1,34,25,0.5066136235759275,3.5
1778434145968,518.7922321819456,750.976974551416,0.30969853293840244,0.1378500770185041,1199.753756260434,981,982,1,34,25,0.5129489693777998,3.5
1778434146075,563.0582269970834,677.3874526643441,0.15103222558284551,0.0520182231727021,1199.105,981,982,1,34,25,0.5144604255616323,3.5
1778434146185,193.5639162498696,444.09921244123933,0.506599978956605,0.7877285355995707,1196.5846473029046,980,982,2,33,25,0.5039444527949977,3.5
1778434146294,172.0138781734589,425.876027597555,0.21181975302336375,1.264003896322542,1195.998759305211,980,982,2,33,25,0.5034599713521459,3.5
1778434146401,145.74943219768753,623.097307070374,0.6335876099154495,2.6415392133934383,1198.0233606557376,980,981,1,33,26,0.5028857363593814,3.5
1778434146507,118.4247692083194,522.5532163377198,0.3089848244333751,3.1035482953779345,1197.1382978723404,979,980,1,32,27,0.5023067058576468,3.5
1778434146619,169.4445002064372,755.1125095613947,0.12919283836972142,3.327207390858303,1194.8653610771114,978,981,3,31,26,0.5034030158808959,3.5
1778434146729,271.9892667306983,1107.532668687971,0.05985390901613839,3.0121180551737567,1192.7890879478828,979,980,1,32,26,0.5058140722673179,3.5
1778434146836,185.40995631203194,1033.6118660294326,0.02918925382942809,4.545548406374409,1190.9418699186992,979,982,3,32,25,0.5037597039979244,3.5
1778434146946,320.4465130125595,1192.7601602051425,1.2515443528047632,1.4706373897639062,1188.9521492295214,979,982,3,32,25,0.5070577449058118,3.5
1778434147052,156.88022150113224,1061.3114620365718,0.6103468661162219,5.15475998981024,1187.2842105263157,979,982,3,32,25,0.5031269486850758,3.5
1778434147163,123.57374467390663,996.4174623654172,0.28276835042713455,6.780574433226625,1185.5268686868687,979,982,3,32,25,0.5024144098393725,3.5
1778434147275,190.30190785426439,968.6199090662118,1.261956910564122,2.827954798613241,1185.0399677028663,979,980,1,32,26,0.5038703326834295,3.5
1778434147383,450.6668234129133,1088.903700289628,0.5012673541533663,0.914938241020753,1181.6626457579414,979,980,1,33,26,0.5107701188732361,3.5
1778434147499,298.18873277357636,885.4462017237315,1.6578224994764679,0.3115928553152148,1179.9971921379863,979,980,1,33,26,0.5064777543782357,3.5
1778434147606,465.48682374581836,852.0562379418377,0.7296518939105211,0.10081074106861146,1179.3069227691076,979,980,1,33,27,0.511229479028169,3.5
1778434147716,602.8552654108627,818.2424836278765,0.32113925734228893,0.03613923150066986,1178.6770459081836,979,980,1,33,27,0.5158875545673492,3.5
1778434147831,395.5576399962582,850.7976407049708,1.1379261717543852,0.012955405739653468,1177.21775477707,979,980,1,33,27,0.509129972064174,3.5
1778434147941,517.4542570110026,792.3120641044032,0.5271912159430675,0.003981932928246683,1176.212554628526,979,980,1,33,27,0.5129044886452315,3.5
1778434148050,107.83903196863974,477.7843483983584,1.5291051489476242,1.9014274668987514,1174.5663892191835,978,979,1,32,28,0.5020873001376441,3.5
1778434148172,5.927194593432693,188.77241497161396,0.7084210054995571,30.14010564499594,1657.1707317073171,978,979,1,3,28,0.5001080324917117,3.5
1778434148279,13.368016211672355,226.64695466188041,0.34547919906199887,15.608940295431314,1654.825517993457,978,980,2,5,27,0.5002447150916851,3.5
1778434148393,133.02341455366906,852.2288399471339,0.17734901177622123,5.229258748268138,1653.090413943355,978,979,1,6,28,0.5026137650162962,3.5
1778434148514,305.73848093724047,848.1200326954256,0.08216424183342204,1.6918406204119714,1650.3069952881478,978,979,1,6,28,0.5066727992821682,3.5
1778434148631,209.3930488049412,999.0544611317956,0.03806597267414954,3.7331261315224835,1647.5723589001448,978,979,1,6,28,0.5043081588532092,3.5
1778434148748,141.25844541802158,545.092281074937,0.019540865714608627,2.839288809650025,1645.965666787134,977,978,1,6,29,0.5027892968129052,3.5
1778434148860,137.89313492660068,748.5546808257338,0.7828340492153075,3.6456789889731644,1642.905517490083,978,979,1,7,28,0.5027173605285037,3.5
1778434148977,127.67057579257506,888.6902253508389,0.7081672117831639,5.252639691717325,1636.9468772433597,977,979,2,6,28,0.5025005689241386,3.5
1778434149095,104.27815698119566,733.2465947163086,1.202730430216657,4.828910864024225,1634.0250716332378,977,979,2,6,28,0.5020141024714286,3.5
1778434149210,111.318349939309,755.990629990183,0.47774174812746895,5.313507227466857,1629.7345701034606,976,979,3,5,28,0.502159115633774,3.5
1778434149339,71.4321074433333,675.8256264468154,0.2452449442533473,8.215845462227298,1628.0099786172489,976,979,3,5,28,0.5013530641496574,3.5
1778434149496,67.52452711644082,543.7826164980164,1.1254498701650832,5.927662676040615,1624.0234125576446,979,980,1,6,27,0.5012760954579858,3.5
1778434149601,152.51862741458638,552.1668662246067,0.49534050209032016,2.1249836221471057,1623.6637168141592,979,980,1,7,27,0.5030320563587254,3.5
1778434149715,150.51009345032506,383.5884244255485,0.7868126573097652,0.7617767138884497,1618.698875614898,979,980,1,8,27,0.5029885201244998,3.5
1778434149826,203.99187582267697,342.0923922603762,0.4039040486540781,0.2730862279476487,1617.881361881362,979,980,1,8,27,0.5041833004271481,3.5
1778434149935,261.2844968589627,332.03292682834,0.17776894338907998,0.09300268990673803,1616.136952714536,979,980,1,8,27,0.5055486840353995,3.5
1778434150049,56.526080238605815,345.08010989678996,1.0472456831305885,4.057548925661503,1624.0744680851064,982,983,1,9,24,0.5010613302707244,3.5
1778434150164,54.07980821763987,376.05470212678114,0.4378747160873978,5.515824169333552,1621.9041752224505,979,983,4,8,24,0.5010139357238564,3.5
1778434150276,32.361603184875264,304.75509341749773,0.822969749802993,7.5942118303707025,1634.3892458572877,983,984,1,9,23,0.5005990416467179,3.5
1778434150386,50.70800215733591,273.303718346981,0.3812746677704927,4.008480532976304,1632.5415259959486,982,984,2,10,23,0.500948831014578,3.5
1778434150499,58.48526810253961,239.69046892122446,0.19572433225500582,2.9025807058784583,1630.9588532883643,982,984,2,11,23,0.5010993856214375,3.5
1778434150611,89.00190478963431,532.1205184933718,0.5451275535727658,4.433626718609347,1624.6107382550335,978,979,1,7,27,0.5017035102365042,3.5
1778434150723,51.8952141031102,395.95618553300153,0.27983691400410343,6.350080263835828,1619.439853382206,977,979,2,5,27,0.5009717251574053,3.5
1778434150830,10.974552370729857,184.74357425331152,0.8070724957024363,15.026741587324738,1612.0513925729442,980,982,2,6,24,0.5002006193475195,3.5
1778434150940,15.091069973462941,221.97194502487133,0.3739096093620838,13.334917890291708,1608.7080026455026,980,984,4,8,23,0.5002765359168861,3.5
1778434151052,13.991650160995578,110.89216265473792,0.1919435378281579,6.733652183816684,1607.5008259002313,982,984,2,9,23,0.5002562247854864,3.5
1778434151159,63.26742226836932,406.0077926335822,0.09360606080170775,5.323721816274874,1605.4625536126691,983,984,1,10,23,0.5011926404932207,3.5
1778434151269,69.8306063709356,404.51261950221993,0.04119852370627024,4.7515711588806955,1602.6098123147842,981,983,2,10,24,0.5013214764987742,3.5
1778434151384,70.45890475320778,448.4286773402789,0.7184287852817957,4.64597155433409,1600.7336402499177,982,984,2,11,23,0.5013338618815728,3.5
1778434151492,94.48059518944692,696.6783943111875,0.3328417557153802,6.040930529633258,1598.5302035456336,981,984,3,10,23,0.5018142652580743,3.5
1778434151602,83.53885761888093,381.3709617201357,1.1208616802813414,2.4443307653709283,1597.1056083961955,982,983,1,11,24,0.5015937741039479,3.5
1778434151713,102.42264777757742,908.4869188535735,1.0069603658119999,6.863020430100029,1594.6221349050425,981,985,4,10,22,0.5019760807991265,3.5
1778434151825,70.26677121057331,875.5523721467773,0.44319011126919855,11.017214103447722,1598.776797385621,981,985,4,10,22,0.5013300734698526,3.5
1778434151935,110.54192675521575,931.2916546347343,0.9036633879382947,6.5211187917408076,1611.0718232044198,981,982,1,10,25,0.5021430644523424,3.5
1778434152044,196.95815438674845,1047.0313012776298,0.39772635651584953,3.9182825416060916,1608.6496918585792,981,984,3,10,23,0.50402187750788,3.5
1778434152154,232.96588258398072,1002.6064777139032,0.18426313297718447,3.119399131184945,1607.0757772020725,981,984,3,10,23,0.5048623948906621,3.5
1778434152268,96.09153338336984,536.4767970824291,1.1717794119039981,3.4111973415429913,1604.7877906976744,981,982,1,10,24,0.5018469662514238,3.5
1778434152382,223.0863704533276,532.8207714685383,0.4421751824586776,0.9462305744049443,1602.9710144927535,981,982,1,11,24,0.5046282545593789,3.5
1778434152497,94.20178231298972,613.7604386088827,1.2469106049133547,4.26846971527672,1598.4125560538116,980,984,4,10,23,0.501808611775143,3.5
1778434152606,198.41563635655748,610.9187510040605,0.5487986106470726,1.5301863031539014,1596.5962276214834,980,984,4,11,23,0.5040552177985214,3.5
1778434152721,100.4957293511275,579.1138843760243,0.2542535834366456,4.508318499130433,1594.0363636363636,980,984,4,11,23,0.5019366828873204,3.5
1778434152833,101.3463932909197,516.8245540198584,0.10099316386034689,3.998591905104946,1589.6852791878173,978,979,1,10,25,0.5019540647040625,3.5
1778434152949,140.38738806614197,337.49047474950856,0.042227295528133514,1.3617669620650317,1588.0503323836658,978,979,1,10,28,0.5027706501446905,3.5
1778434153063,81.74377644150647,815.364005577711,0.01858535890697099,8.956045629192317,1582.6604665825978,981,984,3,12,23,0.5015578687366148,3.5
1778434153175,83.57312013000379,556.6493566623068,0.009063614516811699,5.651563101302822,1580.7742443324937,981,984,3,13,23,0.5015944601572111,3.5
1778434153287,62.14836504491915,340.46668989532765,1.6351450759632278,2.843143687534373,1579.5637963544941,982,984,2,14,23,0.5011707715537554,3.5
1778434153398,80.36860387901339,297.0383568413758,0.6836874072937315,2.012262783511328,1583.7193366708386,984,985,1,16,22,0.5015304132402391,3.5
1778434153506,144.11254549242136,296.1203143928425,0.33341724207352114,0.7213678800754383,1587.03875,984,985,1,16,22,0.5028505272834844,3.5
1778434153617,94.79743364135713,175.91628665053517,0.6100370501846312,0.24567021839050104,1591.5459912989434,984,985,1,16,22,0.501820692017496,3.5
1778434153729,125.2550014199271,169.91628665053517,0.26849357465191154,0.08806931484802671,1589.8225806451612,984,985,1,16,23,0.5024497179723568,3.5
1778434153841,57.034539752301136,170.7108797530859,1.0206711825659498,0.9724428233412921,1595.9266253869969,984,986,2,16,23,0.5010711982541437,3.5
1778434153955,59.64304036197462,250.5144628997686,0.3851539477452334,2.815075641145476,1823.565165523412,987,988,1,17,21,0.501121915163828,3.5
1778434154074,112.56787704634043,245.24955254400476,0.16951652393918568,1.0091649878658535,1821.5802322119678,987,988,1,17,21,0.5021849779528513,3.5
1778434154182,16.94147482695565,223.58381126768631,0.5147354116145463,11.682687690649326,2165.320092112838,991,992,1,18,17,0.5003107799315363,3.5
1778434154304,49.558260153071984,219.7855817066486,0.19423726192524324,3.240655751424918,2161.514211886305,991,992,1,18,17,0.5009266896447715,3.5
1778434154415,67.90557302550803,214.18897301503577,0.9924884200202081,1.161729466258108,2159.596616972477,991,992,1,18,17,0.501283585594171,3.5
1778434154533,205.76840356325422,553.419255658556,0.43682062197894805,1.2527043297390752,2178.8441966838195,992,993,1,19,17,0.50422428145625,3.5
1778434154646,307.5796267575665,501.04665438000853,0.20237516331577532,0.42662302379410216,2192.7136739937196,992,993,1,20,17,0.5067206257252532,3.5
1778434154758,516.5403347438846,619.1908928638614,0.08038631256934627,0.11834077845419196,2190.0150739476676,992,993,1,20,17,0.5128741453585716,3.5
1778434154873,515.1360103516964,559.3661332296113,0.04343755490684807,0.0424235031226959,2188.9644684479817,992,993,1,21,17,0.5128275831547547,3.5
1778434154985,235.5003935534009,467.1973767648865,0.9701242382479255,0.013725426355489023,2186.272778881635,992,993,1,21,17,0.5049228979880482,3.5
1778434155096,419.60066714220136,620.4036099775354,0.473105317627026,0.0054519358753440375,2184.4944712220017,992,993,1,25,17,0.5098325865194807,3.5
1778434155207,514.6828003102411,617.2731148090357,0.1978149540001874,0.0015123101651492931,2181.5891341256365,992,993,1,28,17,0.5128125726608159,3.5
1778434155319,190.3729277454174,442.77468969155206,0.5147728541790921,0.81105516630325,2174.0427927927926,991,993,2,31,17,0.5038719434118817,3.5
1778434155432,290.1998493929839,440.3251999487689,0.2265652614222048,0.29075185941643394,2171.580382237212,991,993,2,32,17,0.5062732268078561,3.5
1778434155545,165.46998781329626,346.86653958287866,0.9972315430548725,0.09901892608915408,2168.9251051893407,991,993,2,33,17,0.5033152483831259,3.5
1778434155660,185.24170192496402,398.1334658812559,0.41696278707324047,0.7323019937185494,2162.147962032384,990,993,3,32,17,0.5037559102412796,3.5
1778434155772,286.0275760712807,389.1334658812559,0.15734240982524955,0.20313293743385621,2158.527708159287,990,993,3,33,17,0.5061671656175121,3.5
1778434155889,11.958603550709407,477.3729892206152,0.07289535860423987,38.8458950918323,2189.6134589502017,959,960,1,7,19,0.500218734012907,3.5
1778434155996,26.39742906161502,394.84719318750456,0.03208319134265991,13.925706533780952,2187.0553614619726,959,960,1,7,20,0.500486932804356,3.5
1778434156112,115.3454287343912,929.264021183629,0.014863861184591648,7.04149373685658,2184.621309715513,959,962,3,7,21,0.5022426020718299,3.5
1778434156225,93.04381675340757,917.586914462073,0.007248733192771862,8.854630825058132,2182.1959260251942,959,962,3,7,21,0.5017851514006201,3.5
1778434156338,61.73577832120007,545.2004888572122,1.5529564151429789,6.2782352160798895,2179.651231263383,961,962,1,9,21,0.5011627158659754,3.5
1778434156452,105.46167797952185,675.2067211623774,0.7971978813917684,4.605191442372704,2178.201658197379,959,960,1,7,23,0.5020383973046568,3.5
1778434156568,238.97721122603951,717.3532730920934,0.35086804779320413,1.6508963020869027,2176.2558077436584,959,960,1,12,23,0.5050061871303683,3.5
1778434156681,160.05751596165481,455.8492509570101,1.2858020926620084,0.5622319294717505,2172.031965903037,959,960,1,16,23,0.5031963796153885,3.5
1778434156791,157.88071988259335,791.4302171765275,0.4609419492227737,3.5518944361513745,2167.0007963897,958,962,4,18,21,0.5031487840381679,3.5
1778434156906,89.44101011061711,401.66066671634223,0.8561496336146693,2.634638945579418,2162.0890827385674,957,962,5,17,21,0.5017123609424368,3.5
1778434157017,90.8107951565732,402.02669212012665,0.3768142861102539,3.0502661224134737,2160.7297439957774,955,962,7,17,21,0.5017399997902927,3.5
1778434157127,168.5701228714794,586.8065647500925,0.16584601644609923,2.3152368394849208,2159.128853754941,954,962,8,17,21,0.5033836724384273,3.5
1778434157240,21.71836327588413,829.6860193773922,0.06258259177206534,37.13946831040931,2149.951008645533,927,928,1,10,22,0.500399524634644,3.5
1778434157351,46.47232329375523,666.5511630423223,0.028993965928665787,13.313976555019892,2147.502878074307,927,928,1,10,25,0.500867408270212,3.5
1778434157463,157.12113105387525,871.6549529825805,0.013432650142301538,4.534229507939407,2145.1366605696367,927,928,1,10,27,0.503132204080442,3.5
1778434157575,319.42883404964334,840.5352961698293,0.005912067558295838,1.6254574475656876,2142.684581267936,927,928,1,10,27,0.5070308964936953,3.5
1778434157682,528.8658150600153,838.4139758262695,0.0026020585992769228,0.5827036124264198,2140.4800729356602,927,928,1,15,27,0.5132861023912454,3.5
1778434157795,171.62470263874792,858.5339475048415,1.0046332140088348,2.9977582500682556,2128.2964876033056,924,928,4,14,27,0.5034513335121525,3.5
1778434157906,377.7071874440778,926.8013129258127,0.3791019625328581,1.074654131433535,2124.505667181865,924,928,4,15,27,0.5086209254584386,3.5
1778434158018,303.18788580306136,634.662076715862,0.7273103319329463,0.36598595869824607,2121.7005141388177,924,928,4,17,27,0.5066067133677834,3.5
1778434158129,432.8566531699149,631.1979751007242,0.3201086734696573,0.13810611999212133,2119.7959445585216,924,928,4,19,27,0.5102284808986558,3.5
1778434158242,527.3313263298224,627.7338734855864,0.14088836406073604,0.04950909981564038,2118.0520246027677,924,928,4,19,27,0.5132344914402814,3.5
1778434158351,6.195687338005266,251.92869539601935,0.5665068150131295,39.095437800986346,2089.917336683417,896,898,2,1,29,0.5001129439052608,3.5
1778434158463,2.6447495675785926,77.3284271247462,0.26245763922131643,27.976010937425222,2086.8176116407426,896,897,1,2,32,0.5000481124529724,3.5
1778434158577,45.895968627071774,852.3233764908629,0.11551460641268492,17.45525319710458,2082.314142678348,898,899,1,3,34,0.5008563600323035,3.5
1778434158686,116.14020007822644,848.7878425849301,0.050841058901034866,6.257462543238685,2079.6745813546613,898,899,1,3,34,0.5022591250824148,3.5
1778434158793,192.11500928568051,627.5948665820991,0.023554216720884896,2.2432122317498204,2077.5579131303048,898,899,1,4,35,0.5039114955722181,3.5
1778434158903,163.30355733246458,932.9812309989373,0.4731397271509144,4.240031781412798,2073.6707347447073,900,902,2,6,32,0.5032675791013685,3.5
1778434159018,186.81785302656846,689.509777946921,0.19782934132185032,2.492983751626294,2070.6404773744407,901,902,1,7,34,0.5037914780948128,3.5
1778434159127,102.29652419353229,617.069169752218,0.6604526911791534,4.371708954751259,2065.61328705999,903,904,1,8,33,0.5019734993575707,3.5
1778434159241,234.70614821184543,678.1323360472021,0.32208625237758887,1.5671961171456874,2064.0681030212977,903,904,1,9,35,0.5049039187469407,3.5
1778434159350,166.83831785679155,543.6801633260585,0.15707340640163986,2.101651389617554,2062.328797624938,903,904,1,10,35,0.5033454187182902,3.5
1778434159457,139.62753222856,393.4250458303081,0.06913219509333864,1.7485430839218359,2058.8573191804494,903,905,2,10,34,0.5027543994279811,3.5
1778434159567,55.56470213982009,370.48783076070777,0.028905576586864302,5.6387776196342125,2053.642962598425,903,906,3,10,34,0.5010426882104607,3.5
1778434159675,84.15164435875349,672.5125806654607,0.7878774639583213,6.203797396231214,2051.8842182890858,903,905,2,10,35,0.5016060483429488,3.5
1778434159787,80.8119526467609,628.715765927452,0.3842281257814707,6.395756707348931,2049.9403241650293,903,906,3,10,34,0.5015392599442755,3.5
1778434159897,125.21860760280238,629.8565407554247,0.1972404665432398,3.832814992573114,2048.7774233128835,906,907,1,11,33,0.502448952930918,3.5
1778434160087,257.81280972327914,807.8873483747892,0.7596096716912739,1.3740102180338611,2046.2348763164339,906,907,1,11,33,0.5054633247169733,3.5
1778434160205,127.13093508676117,730.4620743352776,0.3343244742771417,4.411421624709466,2043.6233797994619,905,907,2,12,33,0.5024891963576689,3.5
1778434160315,193.9805406698241,1110.066994139433,0.5579081964759107,4.164660625666344,2038.6606533398342,903,905,2,10,34,0.5039539397620704,3.5
1778434160423,265.4248379469542,1020.7629452018241,0.27207786806477247,2.5736923812358072,2037.2126156843644,903,905,2,10,35,0.5056509367917488,3.5
1778434160530,256.5456398165149,800.2680881858387,0.8998322276949713,1.2195662885230472,2035.7370469472148,903,904,1,10,36,0.5054322544906262,3.5
1778434160636,342.0666312884279,643.2458167640938,0.39604016072088444,0.48442919211030083,2033.179854368932,903,904,1,10,36,0.5076357243401933,3.5
1778434160741,242.94138398458648,556.8293086892195,1.1431388771084683,0.14889263912158576,2031.8957575757577,903,904,1,10,36,0.50510156425478,3.5
1778434160850,136.49396351239352,595.1351672602509,0.87219146519291,2.4879659508983387,2027.262382217927,902,903,1,9,36,0.5026875351111679,3.5
1778434160957,252.00928778410162,578.6081398307774,0.40407865684406075,0.8919007688288361,2025.0897683397684,902,903,1,9,37,0.5053214017261501,3.5
1778434161063,248.84097503542682,602.3077628580219,0.18720609801058563,1.2332464129646385,2023.7336707640395,901,902,1,8,38,0.5052443263458926,3.5
1778434161172,168.12032406175877,392.8537128076773,0.08673094344073153,1.2500104053527852,2019.3469485824123,902,903,1,9,37,0.5033737294325114,3.5
1778434161277,242.6506345982887,361.1351969165899,0.04018168547957248,0.44811113318316864,2017.4710823134149,902,903,1,9,38,0.5050945538887731,3.5
1778434161388,196.2420837489442,427.8615948958377,1.0196328848907579,0.16064153292070524,2015.642138063279,902,903,1,9,38,0.5040055179571643,3.5
1778434161494,269.87158951837887,412.8967046595081,0.47238697355237724,0.05758772810620116,2013.9023222408428,902,903,1,9,38,0.5057613083759178,3.5
1778434161602,95.9758604023003,465.76773663389906,1.978727742088523,1.874239813310811,2011.7109038737447,900,903,3,8,38,0.5018446161168064,3.5
1778434161714,115.11765555840373,662.6547364655358,0.9167272097834226,3.839598640071511,2010.519942679723,900,903,3,8,38,0.5022378695732252,3.5
1778434161826,117.92700132589543,503.93300029501523,0.4247116767414798,2.8485505501371517,2008.7640744274809,901,903,2,9,38,0.5022963280259394,3.5
1778434161938,145.35079600510804,713.7094511300901,1.3571194038326182,2.5531354468185494,2008.109177592372,900,901,1,8,40,0.5028771555873149,3.5
1778434162050,155.35045562081203,672.1516499364,0.6966665020224758,2.630013115686692,2007.1179132920438,900,901,1,8,40,0.5030936115850012,3.5
1778434162162,204.10089849912396,622.6300815904641,1.2422468218243001,0.8083525933131915,2006.2386958591146,900,901,1,9,40,0.504185812922029,3.5
1778434162273,215.5238458776681,930.7209703516905,0.5467459553327723,2.7716670098848692,2003.5194774346794,900,902,2,9,39,0.5044508405973263,3.5
1778434162423,107.0391225520633,539.2285925234229,2.004448645235168,2.0332289783005137,2002.7194398291003,900,901,1,9,40,0.5020708306351996,3.5
1778434162535,170.48063225636906,667.1823288529021,0.9286434786430515,1.9848939128043952,2001.1744902797534,900,901,1,9,40,0.5034259633078064,3.5
1778434162646,319.34926412991126,826.3731419954149,0.3504269621368752,1.2372512786347911,1998.255912961211,900,902,2,9,39,0.5070287986229453,3.5
1778434162755,74.97990064459692,526.8923295898319,1.4430865898360425,4.58402767758997,1991.6737905119774,901,902,1,9,39,0.5014232505798191,3.5
1778434162866,67.99936517974228,362.9715630534312,0.7037572225601927,3.634109713314735,1990.2918817456593,899,901,2,8,40,0.5012854297567828,3.5
1778434162977,39.56457413440636,229.1385593158208,2.0111364399987224,2.7803718557156527,1988.6915865947972,899,901,2,9,40,0.5007354802808159,3.5
1778434163090,40.44727780412951,273.0724213276829,0.8851547815408087,4.866162888094878,1985.8761638733706,898,901,3,8,40,0.5007522794492869,3.5
1778434163205,82.60832196523796,257.2879231092822,0.3701012139787004,1.7444508915289063,1983.5902858470834,898,901,3,8,40,0.5015751520635893,3.5
1778434163314,195.26260735032082,840.6124753563113,0.1547468436537986,3.150288753090885,1981.7350348027842,901,902,1,11,39,0.5039831626858069,3.5
1778434163426,328.0008153044645,704.6551804728019,0.07546616374706035,1.0728674610297888,1980.6230876216969,901,902,1,11,39,0.5072580422359841,3.5
1778434163536,170.24781663056265,575.9469939595524,0.7315519673396721,1.651439987319905,1977.6814506814508,901,903,2,11,38,0.5034208046763885,3.5
1778434163651,177.77998913752717,420.77445839110476,0.3567595903942991,1.010067297336028,1977.6972074774983,902,903,1,12,38,0.5035884120941531,3.5
1778434163759,137.06564208141833,491.6060450368279,0.1831397113629523,2.403507077515103,1976.454335793358,901,903,2,11,38,0.5026997154071399,3.5
1778434163875,132.2568518281248,397.9208740076825,1.1627468466159865,0.8459507634314918,1975.5313219714417,902,903,1,12,38,0.5025975111696153,3.5
1778434163987,190.8746958089178,579.6438309187836,0.5117558960864393,1.5250208147409483,1972.778620689655,901,903,2,11,38,0.5038833272958123,3.5
1778434164100,393.38824399289257,937.0717409248166,0.8886578489964857,0.49339539035183305,1971.0365013774106,901,903,2,11,38,0.5090675393762543,3.5
1778434164209,282.4835399189719,850.8299689015607,0.4333761979502124,1.5785867969400889,1969.6770642201834,902,903,1,12,38,0.5060774791472187,3.5
1778434164322,415.12488621124385,969.7561284716344,0.18120340116295527,1.154855362556058,1966.8747423860773,902,903,1,12,38,0.5097002925197898,3.5
1778434164434,300.04657999317806,811.9705344852887,1.2921488838295063,0.41399938989435964,1965.2841455044613,902,903,1,12,38,0.5065255919187642,3.5
1778434164607,239.75843559706513,663.9746310889852,0.5986412459389238,1.1707071168642615,1963.558957952468,901,902,1,11,39,0.5050249483340977,3.5
1778434164719,162.4197453361203,754.5272152415166,0.8607424493874191,2.784796266857067,1961.292655109489,901,902,1,11,39,0.5032481666266545,3.5
1778434164838,162.33100184935466,745.3362399020423,0.35989392147524324,3.23156569751808,1958.9822363926212,901,902,1,11,39,0.5032462185273358,3.5
1778434164946,66.85922020958613,487.56508946174006,1.7224479937010326,4.569965646980855,1958.5980991174474,901,904,3,11,37,0.5012630256451401,3.5
1778434165059,62.97508531557868,500.01964239135253,0.8399947893557368,6.099964956401978,1957.4193985982365,901,904,3,11,37,0.5011869248046887,3.5
1778434165170,120.87874198380999,495.70279972018744,1.3197041083239818,1.7811228161205153,1956.2230751862724,901,904,3,11,37,0.5023579562771385,3.5
1778434165281,145.83540595061356,359.20180777662796,0.4979950995566999,0.9650680052854116,1953.3986486486488,903,904,1,12,37,0.5028875874952295,3.5
1778434165396,211.91946987586866,331.6845330075376,0.21918092417279456,0.3459632940617124,1951.7560152912076,903,904,1,13,37,0.5043668325304218,3.5
1778434165519,62.651757007305655,242.5234202801308,1.6143881460813156,1.2565874157349441,1950.5175202156333,903,904,1,13,37,0.5011806054519546,3.5
1778434165630,70.65706033557636,276.28655432820426,0.7872967054245641,2.122950239693416,1955.0182994867216,905,906,1,15,35,0.5013377699230821,3.5
1778434165742,82.23098027937826,227.62671525999616,1.1792539091568666,0.5888842607474513,1956.0624164065982,905,906,1,15,35,0.5015676063958533,3.5
1778434165855,255.75725350701987,446.77962892998505,0.5463379942439825,0.2005513815356262,1956.4377644177243,905,906,1,15,35,0.5054129469096513,3.5
1778434165966,311.6858284901868,409.0417598791098,0.24045792136449137,0.07189484700010638,1956.3769179452968,905,906,1,15,35,0.5068276610675252,3.5
1778434166076,169.92432327276535,344.5258089052095,1.0030403466870275,0.02448462601609142,1954.7975582685904,905,906,1,15,35,0.5034136391713109,3.5
1778434166193,387.32719320577144,570.8967170050066,0.46469979611649814,0.009239361833901803,1953.290243902439,905,906,1,15,35,0.508893944532734,3.5
1778434166305,251.9298786604916,524.119717518686,1.0778561421619834,0.002562902635024183,1950.8464262004868,905,906,1,23,35,0.5053194664616723,3.5
1778434166418,284.78773885568916,406.9783837387991,0.4281398929048765,0.0009187645151599268,1946.247738804324,905,906,1,26,35,0.506135747733814,3.5
1778434166525,337.3066447154178,400.9783837387991,0.18843578478114686,0.0003293641446933431,1944.1954174928399,905,906,1,26,35,0.507507219225759,3.5
1778434166636,180.45639925533345,350.15882149832237,0.940310614210507,9.617071526118347e-05,1942.2816281628163,905,906,1,27,35,0.5036483236565972,3.5
1778434166749,70.00502601096856,194.8295182755901,0.3931629892238474,1.3899160177757888,1939.0552752796666,903,906,3,27,35,0.5013249138497956,3.5
1778434166859,32.322873689820476,116.4746401600989,0.8834533609921689,1.7200208003037238,1937.399956217163,902,906,4,27,35,0.5005983111274831,3.5
1778434166971,21.069336418558823,527.9347160489052,0.3888313846826887,23.668185388938927,1979.6931769722814,873,875,2,11,36,0.5003874380052922,3.5
1778434167079,42.601609313406506,411.7383103828993,0.18014217053436302,8.484711270890145,1977.9946751863686,873,875,2,11,37,0.5007933523031277,3.5
1778434167195,142.2473755320728,761.0574922306257,0.09734163906168604,4.252897614097881,1974.7457482993198,873,875,2,11,39,0.5028104897576751,3.5
1778434167304,147.80713747217365,682.8086550882027,0.04996955978576754,3.5696223406172094,1973.6409602719355,873,874,1,11,42,0.502930092647578,3.5
1778434167415,70.35064113623923,476.9672469111222,1.3505796417008642,4.429276791838095,1967.827651916155,875,876,1,13,40,0.5013317270787905,3.5
1778434167525,91.33371847177358,580.510484993356,0.6586438985603282,4.697283514739516,1966.2073196530569,875,876,1,13,41,0.5017505627342765,3.5
1778434167634,159.85915805016216,483.09751600034343,0.33810963102629366,1.683910013595833,1965.0799154334038,875,876,1,13,41,0.5031920375188266,3.5
1778434167747,227.86042880494767,924.7505069665877,1.4109684360701211,1.6474392120528862,1962.8908361486488,875,877,2,13,40,0.5047410608197525,3.5
1778434167858,232.78107940796986,600.0216810759923,0.7243094764138607,0.8533127367059613,1961.9263557712598,876,877,1,14,40,0.5048579903177892,3.5
1778434167969,134.67290829712755,714.0759397734922,1.0706581189691442,3.231640233406475,1960.1722175379427,876,877,1,14,40,0.5026487894616308,3.5
1778434168076,248.90040261450255,667.2100619278037,0.5221331758081494,1.1584975299652758,1959.24599831508,876,877,1,14,41,0.5052457694173021,3.5
1778434168185,401.9474415602765,666.1092202425485,0.24189972132737614,0.41530505563761916,1958.2015569114244,876,877,1,14,43,0.5093147839217289,3.5
1778434168295,248.00127838259067,704.4610671152684,1.7129073155628112,0.12764686105114528,1956.903320722993,876,877,1,14,43,0.5052239468029174,3.5
1778434168402,475.7449071125415,878.6754794344995,0.7935749373767349,0.05337174833238058,1954.946672265379,876,877,1,14,43,0.5115521216643648,3.5
1778434168518,250.90118296360671,791.535219771944,2.139184818837498,0.015583964722826306,1952.2930817610063,876,877,1,14,43,0.5052944125151759,3.5
1778434168626,442.13101690899094,882.6583656518944,0.991065566258293,0.005307300370022337,1950.7539267015707,876,877,1,14,43,0.5105091257100475,3.5
1778434168738,739.0321567987056,1046.6818278550418,0.414384666788101,0.0019025924686466528,1946.7820004176237,876,877,1,14,43,0.5213040015561449,3.5
1778434168854,295.4234115864544,828.8909590092067,1.8051879787530867,0.0005847748617204554,1945.7691986644406,876,877,1,14,43,0.5064067421231491,3.5
1778434168971,458.7064486650556,842.4419338435338,0.8363277593461156,0.00023228094814978952,1944.3120700437773,876,877,1,14,43,0.5110183289258194,3.5
1778434169088,96.79403867232307,541.8781151506219,1.7481979650049628,2.850061210697399,1936.3269190978688,876,879,3,14,41,0.5018612459058555,3.5
1778434169198,97.48136290294659,620.2897147615141,0.8525524060736064,4.510609702965439,1935.0473336089294,876,878,2,14,42,0.5018752283099986,3.5
1778434169313,111.14461767524662,627.2960095888685,0.41576847682684037,4.228193621470751,1933.9708798017348,878,879,1,15,44,0.5021555227624893,3.5
1778434169429,171.30320518977516,1055.0459555849195,1.454779259618194,3.704159532076368,1932.25211471013,878,879,1,15,44,0.5034442007603299,3.5
1778434169542,267.719811616436,803.6615485508829,0.6739864727994079,1.32788904660479,1930.8190436933223,878,879,1,16,45,0.5057078281929939,3.5
1778434169654,357.54486872158844,868.0833679103974,0.9756724533833327,0.4522280532419015,1929.372863907762,878,879,1,16,46,0.5080585571239551,3.5
1778434169763,480.0709210267264,798.3440775186515,0.5008537298182254,0.16211739080544227,1928.3769547325103,878,879,1,16,46,0.5116893475451372,3.5
1778434169873,598.5583533027113,772.2348138618595,0.23204114061758618,0.05811680238135504,1927.0275436793422,878,879,1,16,46,0.5157302562987688,3.5
1778434169983,320.78873677544243,741.725027841248,1.2960706215007338,0.01612099500377005,1925.2050492610838,878,879,1,16,46,0.5070667806195542,3.5
1778434170089,441.1082253974848,695.2811345108836,0.5704352449785409,0.005779149764070001,1923.719967199672,878,879,1,16,46,0.5104780265717817,3.5
1778434170204,207.45196978874367,693.1908723745674,0.9144841953430211,1.426968156642214,1918.4243414335308,877,879,2,15,46,0.5042631965103206,3.5
1778434170316,196.35205438177536,686.0246862285281,0.4459710608653896,2.0478792499373797,1917.051622117935,877,878,1,15,47,0.5040080294888977,3.5
1778434170428,231.80557733162496,619.4454285472018,0.20661448140397645,1.4656483505684084,1915.5269058295964,877,879,2,15,46,0.5048347560687646,3.5
1778434170536,379.5377120562286,1025.0649773017394,0.7990980089973999,0.9017270862170532,1914.5022403258656,877,878,1,15,47,0.5086726405929062,3.5
1778434170681,540.8557379961882,870.3191638078847,0.31741317102522126,0.2917389608026165,1912.4310695404636,877,878,1,15,47,0.5136925684496767,3.5
1778434170793,176.14722728778375,484.58415904276893,0.5893722865581983,1.1616455211253183,1910.6817444219066,876,877,1,14,48,0.5035519544134213,3.5
1778434170901,287.1538822218255,481.22167257102325,0.2593984610785334,0.416433566152361,1910.4831847649918,876,877,1,14,48,0.5061957460070462,3.5
1778434171021,374.00081998451304,471.9884082435777,0.12017703213462054,0.14182129252980727,1909.8342440801457,876,877,1,14,48,0.5085165524724777,3.5
1778434171132,326.5929872873416,915.020434124101,0.49037512961353863,1.3113397563189377,1909.237325792769,875,876,1,13,49,0.5072205806477182,3.5
1778434171244,331.57437386660513,855.5400622081722,1.1771864970384045,0.40304928002548435,1909.8831587429493,875,876,1,13,49,0.5073534095889577,3.5
1778434171357,387.04908447634585,1160.0670967312922,0.8401251224568699,1.1570841289247558,1909.7649889713255,874,875,1,12,50,0.5088860086240331,3.5
1778434171469,595.6434140310926,1086.7552048223083,0.4097080015485857,0.41479837126187524,1908.7533560408735,874,875,1,12,50,0.5156239963264497,3.5
1778434171587,311.0189018227475,695.5954934264054,1.1023043410986717,0.13420118750367516,1907.5807807807807,874,875,1,12,50,0.5068102415589132,3.5
1778434171692,395.8324109180584,822.756610185214,1.0252412256397818,0.053306633230555886,1906.7019403880777,874,875,1,12,50,0.5091378909312929,3.5
1778434171806,564.7336364204881,803.0665911429292,0.4072404946977741,0.014786704236386053,1904.4947074096265,874,875,1,12,50,0.5145191794777417,3.5
1778434171919,242.73963442664672,686.1608648380195,1.0516870975367871,0.7750489089614423,1901.37975692369,874,876,2,12,49,0.5050966995440169,3.5
1778434172028,392.7751206132522,683.7113750952362,0.4628755387029102,0.2778441230407767,1900.1916417910447,874,876,2,12,49,0.5090499230214572,3.5
1778434172135,290.989270640993,639.046124097373,1.106223868849703,0.08989189407749387,1899.1268137547208,874,876,2,12,50,0.5062933524215526,3.5
1778434172242,307.35309192404134,1362.1670940224542,0.8366222785855665,2.5953067626849786,1894.170722057369,877,878,1,13,48,0.5067147356092377,3.5
1778434172349,367.66383510253394,875.943728545419,0.4520772877970116,0.9303809387542515,1893.6909234724144,877,878,1,14,48,0.5083391422712935,3.5
1778434172455,535.0654547921022,1047.8225712956773,0.6866462497667536,0.27166102257024505,1892.372308907762,877,878,1,14,48,0.5134955642011273,3.5
1778434172563,648.3162955392494,925.3921029647919,0.3348601955147583,0.09251731964561488,1891.3599763173474,877,878,1,15,48,0.5176009704621212,3.5
1778434172677,711.0979450506087,850.8067151452456,0.16330293885428188,0.03316615667192416,1890.458095050286,877,878,1,15,48,0.5201216895359382,3.5
1778434172839,240.91164980770884,778.2975950726753,0.9996756262262726,1.2309593210413166,1888.319094488189,877,879,2,15,47,0.505052674191627,3.5
1778434172947,301.561876020134,762.7573216759973,1.151012136423223,0.37834380121218064,1888.2185105128708,877,879,2,15,47,0.5065646859854355,3.5
1778434173061,558.0277942493786,1059.8227746852665,0.5613198195919165,0.33790954784643606,1887.24700569409,877,878,1,15,48,0.5142847048640204,3.5
1778434173171,750.9293515898141,1037.1763857238122,0.2600545497317896,0.12113581595038295,1886.0219693997647,877,878,1,15,48,0.5218193670653527,3.5
1778434173285,410.3407547082835,846.1934167927665,1.0229809922538815,0.03919149995771016,1885.2008622378992,877,878,1,15,48,0.5095596461223769,3.5
1778434173399,341.02402134623316,605.4625533042034,0.7633791652874525,0.012045776668447193,1881.6092986911506,877,878,1,15,48,0.507607515984569,3.5
1778434173511,195.93913820710387,601.8086895222469,1.7521791944784115,0.3192270341544144,1880.6405152224825,876,878,2,14,48,0.503998600891383,3.5
1778434173629,184.41965147675322,648.7309729433989,0.8544939520739248,1.663195013004582,1879.6601014040561,876,878,2,14,48,0.5037373855629109,3.5
1778434173742,294.6296599834314,599.5359152641785,0.4386477055073659,0.5962319983822343,1879.1409082050282,876,878,2,14,48,0.5063864012067001,3.5
1778434173855,173.03673541477943,591.4321244286691,1.0605966350912603,1.3573603843299098,1877.9320482866044,877,878,1,15,48,0.5034826926111587,3.5
1778434173968,312.72225514802756,619.0309839493622,0.5172264418681313,0.46226485994645466,1876.6898832684824,877,878,1,15,48,0.5068547584868415,3.5
1778434174076,216.62600421570372,1158.628586069204,1.4784202637855661,2.8701000593585944,1873.5966990291263,876,877,1,14,49,0.5044765994756972,3.5
1778434174188,393.8717116981726,1090.2297057799258,0.6849391427023216,1.083042597035765,1871.8859359844812,876,877,1,14,49,0.5090814393329117,3.5
1778434174298,550.6584547892857,939.1930508467653,0.3173262980071252,0.38825552440610894,1870.3643410852712,876,877,1,14,49,0.5140291374320615,3.5
1778434174408,369.0457810320264,1003.1791001463998,1.610607259385662,0.10769803417720428,1868.32978517515,876,877,1,14,49,0.5083777194732327,3.5
1778434174516,607.510695057026,1038.9073595828957,0.6734276472007732,0.036677817667421654,1866.433706996521,876,877,1,14,49,0.5160588695281177,3.5
1778434174625,418.71184181065064,1118.2295359666912,1.6581511943232847,0.012491057233516073,1864.9102316602316,876,877,1,14,49,0.5098062598459132,3.5
1778434174738,535.3977382710881,993.6512660170675,0.8511987884863139,0.004713545446541999,1864.2787960640555,876,877,1,14,49,0.5135068336062371,3.5
1778434174853,677.5887957425108,945.9428739525459,0.3943529338283158,0.0016897396872181912,1863.210100231303,876,877,1,14,49,0.5187533257950985,3.5
1778434174968,256.43211737117906,709.4259966258963,1.7660321336639062,0.000493385442657342,1862.1988833269156,876,877,1,14,49,0.5054294732313146,3.5
1778434175079,475.58680883729215,845.3298081814208,0.7772778397214642,0.00016802814873826584,1861.0909615384614,876,877,1,14,49,0.5115471197207853,3.5
1778434175192,154.57186365656278,581.6487922595971,1.541150208214518,1.2218165989395964,1856.6761102603368,876,878,2,14,48,0.5030766671174255,3.5
1778434175305,252.02671068276604,542.3628489642703,0.7140013758246638,0.43800405048492874,1855.144387072098,876,878,2,14,48,0.5053218263602471,3.5
1778434175414,365.3531740647899,537.5329207198479,0.31425104695448647,0.1570182860567673,1853.4336198662845,876,878,2,14,48,0.5082747786427256,3.5
1778434175521,70.34438477350052,212.3103318473339,1.687908407041407,0.3302476622872916,1851.8713985880556,877,878,1,15,48,0.5013316037205585,3.5
1778434175635,304.7171113119228,741.8438412147897,0.6050914022393712,0.829441525763492,1852.37185833968,878,879,1,16,47,0.5066463119881857,3.5
1778434175746,309.9038586342181,866.454154334618,1.4985373866629619,0.2973431104472739,1852.2478128565995,878,879,1,16,47,0.5067811479173625,3.5
1778434175857,409.72369326774145,737.8519572135091,0.6942592293074651,0.10659331922051593,1851.4001520045601,878,879,1,16,47,0.5095415625167106,3.5
1778434175966,474.63331925823115,661.9258499694246,0.3563924791087175,0.038212204363354825,1850.552221800228,878,879,1,16,47,0.5115169725874777,3.5
1778434176077,383.1750885979179,746.9975800915412,0.9388944475659616,0.01059966705639527,1849.5712388541074,878,879,1,16,47,0.5087757304221493,3.5
1778434176189,525.0676798672133,743.9381124691213,0.41323248542284635,0.0036098398508385286,1848.4705324995261,878,879,1,16,47,0.5131585245039432,3.5
1778434176298,443.38173303501117,842.9371843200972,0.8998604397921948,0.0012940767686749632,1847.4808929247067,878,879,1,16,47,0.5105472056249585,3.5
1778434176408,612.0619596323068,854.7546170318362,0.3960525776172512,0.00046390830408590963,1845.8579255620632,878,879,1,16,47,0.5162272532062895,3.5
1778434176519,24.51773025891015,360.4904553632327,0.16559763651774417,13.537657989366487,1992.7446999640676,0,879,0,0,47,0.5004517613866006,3.5
1778434176631,54.08191693481228,1006.7960487729565,0.08075782393037197,17.53537314617743,1991.4113105924596,872,876,4,2,49,0.501013976520329,3.5
1778434176743,55.290005250000334,580.8444916397223,0.041456389577536584,9.463959354431978,1990.367486093666,872,874,2,5,51,0.5010373654090979,3.5
1778434176857,67.15430625617152,726.24710579702,0.02021724392143041,9.794384920631158,1988.6765865901757,873,874,1,6,51,0.5012688212959432,3.5
1778434177008,101.21802548272223,587.849528820543,0.009859444007157141,4.797895904084355,1987.3152991759225,872,873,1,5,52,0.5019514406290994,3.5
1778434177117,199.57525589323285,543.9036001918302,0.005327650028012289,1.7199781387958448,1986.6998567335243,872,873,1,6,53,0.5040817849325834,3.5
1778434177224,300.3594166352743,1161.3622470481087,1.0727209192349458,1.7938541995280128,1984.7291592128802,872,873,1,6,53,0.5065336573259355,3.5
1778434177337,332.23500724885895,990.0118826112318,1.399482194290459,0.5803720083392733,1983.0309204647006,872,873,1,6,53,0.5073710834615476,3.5
1778434177448,441.84766877790526,1045.9016983941322,1.1887279150421337,0.1783813225984403,1981.7564285714286,872,873,1,7,53,0.5105005064715432,3.5
1778434177558,623.6720660117744,973.5386906440046,0.4970313143218104,0.06394719297215753,1979.9973247726057,872,873,1,7,53,0.516660865128577,3.5
1778434177667,663.9785671037703,848.6119230792963,0.25514709034910854,0.02292416845806092,1979.4780748663102,872,873,1,7,53,0.518212642026122,3.5
1778434177774,371.2669342009372,855.0975163146559,1.294969923928087,0.008217991675136772,1978.5310774710597,872,873,1,7,53,0.5084398537231063,3.5
1778434177885,523.2450277795133,838.6293680261424,0.5999482090765254,0.0027987326097067677,1977.390747330961,872,873,1,10,53,0.5130975027720973,3.5
1778434177996,321.673662021306,1158.2902862414746,1.2729799675526692,1.32784416881929,1975.9038393174546,871,872,1,10,54,0.5070901619805439,3.5
1778434178105,626.6517078698816,1174.3302592675334,0.5056458702223982,0.368330127161099,1973.710507632233,871,872,1,10,54,0.5167730985300062,3.5
1778434178215,758.2192735652256,1027.0757891523142,0.22254823237850696,0.1320411653862021,1972.1661347517731,871,872,1,12,54,0.522138706325601,3.5
1778434178326,157.80163319760985,753.9642712306493,1.1550801109226685,2.6228442739693714,1969.4684238457455,869,872,3,15,54,0.5031470570848218,3.5
1778434178438,322.9796435360127,790.8590366371872,0.5083815612463057,0.9402527488878722,1968.30093656123,869,872,3,16,54,0.5071247125568158,3.5
1778434178543,191.79291738995127,629.9886210185887,0.7259067520870587,1.5588267489822358,1965.094835184206,868,872,4,17,54,0.5039041767500629,3.5
1778434178653,508.8975145390165,947.7370519877988,0.30351637452050506,0.5588174449840054,1963.8347412882788,868,872,4,18,54,0.5126216574002317,3.5
1778434178765,739.4290354540755,938.7370519877988,0.11453299735376817,0.15501013251714701,1961.965208223511,868,872,4,20,54,0.5213210785556499,3.5
1778434178875,14.474422329896177,637.8691328350517,0.043219439160611245,43.02549144248651,1954.8492313067784,840,843,3,10,55,0.5002651405078868,3.5
1778434178987,41.72837258905598,719.9644467577441,0.019022027778757482,16.234573118334556,1953.4321116928447,839,843,4,10,55,0.5007766913902602,3.5
1778434179102,107.96049259078876,1043.4301709798883,0.00927656699974058,8.655649425278607,1952.3493198465294,839,842,3,10,57,0.5020898022601776,3.5
1778434179221,162.13019473166204,1168.094823170876,0.0036847852384339517,6.200986899170278,1949.2941176470588,840,843,3,11,56,0.5032418111487708,3.5
1778434179330,112.7676188923788,1060.1186767031706,0.0017071286859885646,8.399206778300984,1948.1439749608764,839,842,3,10,57,0.5021891156429574,3.5
1778434179442,149.57559123084337,1361.4653316847478,0.9041692516730424,7.198019952336639,1946.6390481153378,839,840,1,11,58,0.5029682989509753,3.5
1778434179552,178.4350611281578,974.3761606557915,2.2483157209265547,2.212360866372413,1945.5965978128797,839,840,1,11,58,0.5036030586247995,3.5
1778434179666,188.72196076836957,693.6739353157593,0.940066522912357,1.7355731985673775,1943.7226555728896,838,840,2,10,59,0.5038345340310628,3.5
1778434179772,190.72991270425814,628.7394538306336,0.39306092968844103,1.903430139363449,1942.2827216066482,837,838,1,9,60,0.5038800418390155,3.5
1778434179884,335.421030214339,625.3772796651905,0.18210168164309412,0.6823529092499253,1941.331257567895,837,838,1,9,61,0.5074565104018913,3.5
1778434179992,330.45217090495777,610.2666538590959,0.6021485170717036,0.24461391208061162,1940.3555747623163,837,838,1,9,62,0.5073234185870423,3.5
